id,name,mapping,rel_pc,symbol_set_id,deobfuscated_name
0,__libc_init,0,348876,,
1,main,1,17768,,
2,_ZN7android14AndroidRuntime5startEPKcRKNS_6VectorINS_7String8EEEb,2,960332,,
3,_ZN7_JNIEnv20CallStaticVoidMethodEP7_jclassP10_jmethodIDz,2,873104,,
4,_ZN3art3JNIILb1EE21CallStaticVoidMethodVEP7_JNIEnvP7_jclassP10_jmethodIDSt9__va_list,3,7575740,,
5,_ZN3art17InvokeWithVarArgsIP10_jmethodIDEENS_6JValueERKNS_33ScopedObjectAccessAlreadyRunnableEP8_jobjectT_St9__va_list,3,3456748,,
6,_ZN3art9ArtMethod6InvokeEPNS_6ThreadEPjjPNS_6JValueEPKc,3,3465016,,
7,art_quick_invoke_static_stub,3,3549760,,
8,com.android.internal.os.ZygoteInit.mfain,4,8412964,,
9,art_quick_to_interpreter_bridge,3,3641496,,
10,artQuickToInterpreterBridge,3,3462568,,
11,com.android.internal.os.RuntimeInit$MethodAndArgsCaller.run,5,1909356,,
12,ExecuteSwitchImplAsm,3,3651032,,
13,_ZN3art11interpreter20ExecuteSwitchImplCppILb0EEEvPNS0_17SwitchImplContextE,3,7789128,,
14,_ZN3art11interpreter6DoCallILb0EEEbPNS_9ArtMethodEPNS_6ThreadERNS_11ShadowFrameEPKNS_11InstructionEtbPNS_6JValueE,3,3521820,,
15,art_quick_invoke_stub,3,3549044,,
16,art_quick_generic_jni_trampoline,3,3641200,,
17,_ZN3artL13Method_invokeEP7_JNIEnvP8_jobjectS3_P13_jobjectArray.__uniq.165753521025965369065708152063621506277,3,7112696,,
18,_ZN3art12InvokeMethodILNS_11PointerSizeE8EEEP8_jobjectRKNS_33ScopedObjectAccessAlreadyRunnableES3_S3_S3_m,3,3531820,,
19,android.app.ActivityThread.main,6,1925432,,
20,_ZN3art11interpreter6DoCallILb0EEEbPNS_9ArtMethodEPNS_6ThreadERNS_11ShadowFrameEPKNS_11InstructionEtbPNS_6JValueE,3,3524016,,
21,_ZN3art11interpreterL7ExecuteEPNS_6ThreadERKNS_20CodeItemDataAccessorERNS_11ShadowFrameENS_6JValueEbb.__uniq.112435418011751916792819755956732575238.llvm.2845697060370838518,3,3465756,,
22,android.os.Looper.loop,7,2146340,,
23,_ZN3art11interpreter20ExecuteSwitchImplCppILb0EEEvPNS0_17SwitchImplContextE,3,7781840,,
24,_ZN3art3jit3Jit25MaybeDoOnStackReplacementEPNS_6ThreadEPNS_9ArtMethodEjiPNS_6JValueE,3,3459832,,
25,art_quick_osr_stub,3,3549904,,
26,android.os.Looper.loop,8,7954256,,
27,android.os.Looper.loopOnce,8,453764,,
28,android.os.MessageQueue.next,8,456828,,
29,art_jni_trampoline,8,5166444,,
30,_ZN7androidL38android_os_MessageQueue_nativePollOnceEP7_JNIEnvP8_jobjectli,2,1588152,,
31,_ZN7android6Looper8pollOnceEiPiS1_PPv,9,79000,,
32,_ZN7android24NativeInputEventReceiver11handleEventEiiPv,2,1404964,,
33,_ZN7android24NativeInputEventReceiver13consumeEventsEP7_JNIEnvblPb,2,1405348,,
34,_ZN7android13InputConsumer7consumeEPNS_26InputEventFactoryInterfaceEblPjPPNS_10InputEventE,10,668164,,
35,_ZN7android12_GLOBAL__N_121initializeMotionEventERNS_11MotionEventERKNS_12InputMessageE,10,677212,,
36,_ZN7android11MotionEvent9addSampleElPKNS_13PointerCoordsE,10,622708,,
37,android.os.Looper.loopOnce,8,454740,,
38,android.os.Handler.dispatchMessage,8,458656,,
39,android.os.Handler.handleCallback,8,1388436,,
40,android.view.Choreographer$FrameDisplayEventReceiver.run,8,1388780,,
41,android.view.Choreographer.doFrame,8,1391748,,
42,android.view.Choreographer.doCallbacks,8,1396784,,
43,android.view.Choreographer$CallbackRecord.run,8,1398840,,
44,android.view.Choreographer$CallbackRecord.run,8,1400972,,
45,android.view.ViewRootImpl$TraversalRunnable.run,8,3741868,,
46,android.view.ViewRootImpl.doTraversal,8,3742292,,
47,android.view.ViewRootImpl.performTraversals,8,3759272,,
48,android.view.ViewRootImpl.performDraw,8,4323988,,
49,android.view.ViewRootImpl.draw,8,4329328,,
50,android.view.ThreadedRenderer.draw,8,4338512,,
51,android.view.ThreadedRenderer.updateRootDisplayList,8,4339724,,
52,android.graphics.RenderNode.hasDisplayList,8,3884768,,
53,__start_thread,0,389060,,
54,_ZL15__pthread_startPv,0,443220,,
55,_ZN7android6Thread11_threadLoopEPv,9,92948,,
56,_ZN7android10uirenderer12renderthread12RenderThread10threadLoopEv,11,5117924,,
57,_ZN7android10uirenderer12renderthread13DrawFrameTask3runEv,11,3579444,,
58,_ZN7android10uirenderer12renderthread13CanvasContext4drawEb,11,3587120,,
59,_ZN7android10uirenderer12skiapipeline18SkiaOpenGLPipeline11swapBuffersERKNS0_12renderthread5FrameERNS3_15IRenderPipeline10DrawResultERK6SkRectPNS0_9FrameInfoEPb,11,6065036,,
60,_ZN7android10uirenderer12renderthread10EglManager11swapBuffersERKNS1_5FrameERK6SkRect,11,6075800,,
61,eglSwapBuffersWithDamageKHR,12,139120,,
62,_ZN7android31eglSwapBuffersWithDamageKHRImplEPvS0_Pii,12,157248,,
63,eglSwapBuffers,13,83652,,
64,_ZN20egl_window_surface_t11swapBuffersEv,13,63292,,
65,_ZL16createNativeSyncjPKiibiPi,13,87148,,
66,_ZN12_GLOBAL__N_119rcCreateSyncKHR_encEPvjPijiPmS2_,14,49844,,
67,_ZN14QemuPipeStream24commitBufferAndReadFullyEmPvm,15,939944,,
68,qemu_pipe_read,15,945632,,
69,read,0,775848,,
70,_ZN3art12ProfileSaver21RunProfileSaverThreadEPv,3,5625504,,
71,_ZN3art12ProfileSaver20ProcessProfilingInfoEbbPt,3,3077300,,
72,_ZN3art12ProfileSaver38FetchAndCacheResolvedClassesAndMethodsEb,3,3082156,,
73,_ZN3art12ProfileSaver26GetClassesAndMethodsHelper14CollectClassesEPNS_6ThreadE,3,6815332,,
74,_ZN3art24VariableSizedHandleScope10VisitRootsINS_12ProfileSaver26GetClassesAndMethodsHelper22CollectInternalVisitorEEEvRT_,3,8885512,,
75,_ZN3art12ProfileSaver26GetClassesAndMethodsHelper15CollectInternalILb0EEEvNS_6ObjPtrINS_6mirror11ClassLoaderEEE,3,6718248,,
76,_ZN3art16ThreadPoolWorker8CallbackEPv,3,6638392,,
77,_ZN3art16ThreadPoolWorker3RunEv,3,6674216,,
78,_ZN3art3jit14JitCompileTask3RunEPNS_6ThreadE,3,7372556,,
79,_ZN3art3jit3Jit21CompileMethodInternalEPNS_9ArtMethodEPNS_6ThreadENS_15CompilationKindEb,3,3446704,,
80,_ZN3art3jit11JitCompiler13CompileMethodEPNS_6ThreadEPNS0_15JitMemoryRegionEPNS_9ArtMethodENS_15CompilationKindE,3,4449272,,
81,_ZN3art18OptimizingCompiler10JitCompileEPNS_6ThreadEPNS_3jit12JitCodeCacheEPNS3_15JitMemoryRegionEPNS_9ArtMethodENS_15CompilationKindEPNS3_9JitLoggerE,3,4761776,,
82,_ZNK3art18OptimizingCompiler10TryCompileEPNS_14ArenaAllocatorEPNS_10ArenaStackERKNS_18DexCompilationUnitEPNS_9ArtMethodENS_15CompilationKindEPNS_24VariableSizedHandleScopeE,3,3774216,,
83,_ZN3art13HGraphBuilder10BuildGraphEv,3,2939896,,
84,_ZN3art19HInstructionBuilder5BuildEv,3,2817232,,
85,_ZN3art19HInstructionBuilder11BuildReturnERKNS_11InstructionENS_8DataType4TypeEj,3,2595172,,
86,__memset_aarch64,0,351364,,
87,_ZN3art12ProfileSaver20ProcessProfilingInfoEbbPt,3,3077512,,
88,_ZN3art3jit12JitCodeCache18GetProfiledMethodsERKNSt3__13setINS2_12basic_stringIcNS2_11char_traitsIcEENS2_9allocatorIcEEEENS2_4lessIS9_EENS7_IS9_EEEERNS2_6vectorINS_17ProfileMethodInfoENS7_ISH_EEEEt,3,3091336,,
89,_ZNKSt3__16__treeINS_12basic_stringIcNS_11char_traitsIcEENS_9allocatorIcEEEENS_4lessIS6_EENS4_IS6_EEE14__count_uniqueIS6_EEmRKT_,3,3090296,,
90,_ZNSt3__1ssB8nn180000IcNS_11char_traitsIcEENS_9allocatorIcEEEEDaRKNS_12basic_stringIT_T0_T1_EESB_,3,3090372,,
91,_ZN14QemuPipeStream24commitBufferAndReadFullyEmPvm,15,939828,,
92,android.view.ThreadedRenderer.updateRootDisplayList,8,4339612,,
93,android.view.ThreadedRenderer.updateViewTreeDisplayList,8,4340552,,
94,android.view.View.updateDisplayListIfDirty,8,4341924,,
95,com.android.internal.policy.DecorView.draw,8,4346388,,
96,android.view.View.draw,8,4346880,,
97,android.view.ViewGroup.dispatchDraw,8,4362968,,
98,android.view.ViewGroup.drawChild,8,4366720,,
99,android.view.View.draw,8,4368340,,
100,android.view.View.updateDisplayListIfDirty,8,4341744,,
101,,16,3100136,,
102,_ZN3art11interpreter20ExecuteSwitchImplCppILb0EEEvPNS0_17SwitchImplContextE,3,7789372,,
103,_ZN3art11interpreter6DoCallILb1EEEbPNS_9ArtMethodEPNS_6ThreadERNS_11ShadowFrameEPKNS_11InstructionEtbPNS_6JValueE,3,3442772,,
104,_ZN3art9ArtMethod6InvokeEPNS_6ThreadEPjjPNS_6JValueEPKc,3,3464944,,
105,,16,2687492,,
106,,16,3849956,,
107,android.view.View.draw,8,4346856,,
108,android.widget.TextView.onDraw,8,4403288,,
109,android.graphics.Paint.setColor,8,2331628,,
110,art_quick_generic_jni_trampoline,3,3641148,,
111,artQuickGenericJniTrampoline,3,2660196,,
112,android.os.Handler.dispatchMessage,8,458832,,
113,android.app.ActivityThread$H.handleMessage,8,460812,,
114,android.app.servertransaction.TransactionExecutor.execute,8,1406416,,
115,android.app.servertransaction.TransactionExecutor.executeTransactionItems,8,1407644,,
116,android.app.servertransaction.TransactionExecutor.executeLifecycleItem,8,3088908,,
117,android.app.servertransaction.ActivityTransactionItem.execute,8,3387380,,
118,android.app.servertransaction.PauseActivityItem.execute,8,3709152,,
119,android.app.ActivityThread.handlePauseActivity,8,3709636,,
120,android.app.ActivityThread.performPauseActivity,8,3712604,,
121,android.app.ActivityThread.performPauseActivityIfNeeded,8,3714308,,
122,android.app.Instrumentation.callActivityOnPause,8,3715436,,
123,android.app.Activity.performPause,8,3715936,,
124,android.app.Activity.dispatchActivityPrePaused,8,3716992,,
125,,16,3315012,,
126,androidx.lifecycle.ReportFragment$Companion.dispatch$lifecycle_runtime_release,8,7992460,,
127,androidx.lifecycle.LifecycleRegistry.handleLifecycleEvent,8,5919240,,
128,androidx.lifecycle.LifecycleRegistry.moveToState,8,5497932,,
129,androidx.lifecycle.LifecycleRegistry.sync,8,5473496,,
130,androidx.lifecycle.LifecycleRegistry.backwardPass,8,5472472,,
131,androidx.lifecycle.LifecycleRegistry$ObserverWithState.dispatchEvent,8,5498612,,
132,android.app.servertransaction.TransactionExecutor.executeTransactionItems,8,1407596,,
133,android.app.servertransaction.TransactionExecutor.executeNonLifecycleItem,8,1409908,,
134,android.app.servertransaction.LaunchActivityItem.execute,8,1412764,,
135,android.app.ActivityThread.handleLaunchActivity,8,1420956,,
136,android.app.ActivityThread.performLaunchActivity,8,1448468,,
137,android.app.Instrumentation.callActivityOnCreate,8,1628576,,
138,android.app.Activity.performCreate,8,1629660,,
139,android.app.Activity.performCreate,8,1630452,,
140,com.android.calendar.EventInfoActivity.onCreate,17,154140,,
141,_ZN3art11interpreter6DoCallILb1EEEbPNS_9ArtMethodEPNS_6ThreadERNS_11ShadowFrameEPKNS_11InstructionEtbPNS_6JValueE,3,3443116,,
142,_ZN3art11interpreter33ArtInterpreterToInterpreterBridgeEPNS_6ThreadERKNS_20CodeItemDataAccessorEPNS_11ShadowFrameEPNS_6JValueE,3,3471464,,
143,,16,3194468,,
144,,16,1436952,,
145,,16,1449648,,
146,,16,1476776,,
147,,16,1497004,,
148,,16,1489924,,
149,androidx.appcompat.app.AppCompatDelegateImpl.applyApplicationSpecificConfig,8,8169252,,
150,androidx.appcompat.app.AppCompatDelegateImpl.updateAppConfiguration,8,8109608,,
151,,16,1493300,,
152,android.app.ApplicationPackageManager.getActivityInfo,6,2041268,,
153,android.app.ApplicationPackageManager.getActivityInfo,6,2041156,,
154,android.content.pm.IPackageManager$Stub$Proxy.getActivityInfo,8,1680356,,
155,android.os.BinderProxy.transact,8,268860,,
156,art_jni_trampoline,8,5164296,,
157,_ZL31android_os_BinderProxy_transactP7_JNIEnvP8_jobjectiS2_S2_i,2,1667180,,
158,_ZN7android8BpBinder8transactEjRKNS_6ParcelEPS1_j,18,501776,,
159,_ZN7android14IPCThreadState8transactEijRKNS_6ParcelEPS1_j,18,503984,,
160,_ZN7android14IPCThreadState14executeCommandEi,18,368748,,
161,,16,1478852,,
162,,16,1498768,,
163,android.view.LayoutInflater.inflate,8,2531148,,
164,android.view.LayoutInflater.inflate,8,2020168,,
165,android.view.LayoutInflater.inflate,8,2023192,,
166,android.view.LayoutInflater.rInflateChildren,8,2110764,,
167,android.view.LayoutInflater.rInflate,8,2111528,,
168,android.view.LayoutInflater.createViewFromTag,8,2025436,,
169,android.view.LayoutInflater.createViewFromTag,8,2026256,,
170,android.view.LayoutInflater.onCreateView,8,2127908,,
171,android.view.LayoutInflater.onCreateView,8,2128252,,
172,com.android.internal.policy.PhoneLayoutInflater.onCreateView,8,2128656,,
173,android.view.LayoutInflater.createView,8,2129288,,
174,android.view.LayoutInflater.createView,8,2031256,,
175,java.lang.reflect.Constructor.newInstance,8,1058416,,
176,art_jni_trampoline,8,5164992,,
177,_ZN3artL24Constructor_newInstance0EP7_JNIEnvP8_jobjectP13_jobjectArray.__uniq.114100828369361150012403296395805223021,3,7529380,,
178,android.widget.FrameLayout.<init>,8,2278012,,
179,android.widget.FrameLayout.<init>,8,2278340,,
180,android.widget.FrameLayout.<init>,8,2278684,,
181,android.view.ViewGroup.<init>,8,2035952,,
182,android.view.View.<init>,8,2036504,,
183,android.view.View.<init>,8,2059376,,
184,android.graphics.RenderNode.create,8,2067896,,
185,android.graphics.RenderNode.<init>,8,2068236,,
186,art_jni_trampoline,8,5166820,,
187,_ZN7androidL30android_view_RenderNode_createEP7_JNIEnvP8_jobjectP8_jstring.__uniq.317308322416686821681536579661143593440,11,5433168,,
188,_ZN3art12_GLOBAL__N_18CheckJNI22GetStringCharsInternalEPKcP7_JNIEnvP8_jstringPhbb.__uniq.99033978352804627313491551960229047428,3,5887828,,
189,_ZN3art12_GLOBAL__N_111ScopedCheck5CheckERNS_18ScopedObjectAccessEbPKcPNS0_12JniValueTypeE.__uniq.99033978352804627313491551960229047428,3,5895508,,
190,_ZNK3art6Thread24IsJniTransitionReferenceEP8_jobject,3,4125920,,
191,_ZN3art12StackVisitor9WalkStackILNS0_16CountTransitionsE0EEEvb,3,3250992,,
192,_ZN3art3jit12JitCodeCache14GetJniStubCodeEPNS_9ArtMethodE,3,3263824,,
193,_ZNK3art3jit12JitCodeCache10JniStubKeyltERKS2_,3,3263472,,
194,__strcmp_aarch64,0,353004,,
195,android.app.servertransaction.TransactionExecutor.executeLifecycleItem,8,3088872,,
196,android.app.servertransaction.TransactionExecutor.cycleToPath,8,3089672,,
197,android.app.servertransaction.TransactionExecutor.performLifecycleSequence,8,3094912,,
198,android.app.ActivityThread.handleStartActivity,8,3096060,,
199,android.app.Activity.performStart,8,3097692,,
200,android.app.Instrumentation.callActivityOnStart,8,3101068,,
201,,16,1478520,,
202,androidx.fragment.app.FragmentActivity.onStart,8,8166424,,
203,,16,3199204,,
204,,16,3220628,,
205,androidx.fragment.app.FragmentManager.dispatchStateChange,8,5550912,,
206,androidx.fragment.app.FragmentManager.execPendingActions,8,5555592,,
207,,16,3226332,,
208,androidx.fragment.app.FragmentManager.executeOpsTogether,8,5546768,,
209,androidx.fragment.app.FragmentStateManager.moveToExpectedState,8,5553176,,
210,androidx.fragment.app.FragmentStateManager.createView,8,5910696,,
211,,16,3189856,,
212,,16,3262592,,
213,com.android.calendar.EventInfoFragment.onCreateView,17,159616,,
214,android.view.LayoutInflater.rInflate,8,2111620,,
215,android.view.LayoutInflater.createViewFromTag,8,2026100,,
216,android.view.LayoutInflater.tryCreateView,8,2027712,,
217,android.view.LayoutInflater$FactoryMerger.onCreateView,8,3127344,,
218,androidx.appcompat.app.AppCompatDelegateImpl.onCreateView,8,5718072,,
219,androidx.appcompat.app.AppCompatDelegateImpl.createView,8,5559456,,
220,androidx.appcompat.app.AppCompatViewInflater.createView,8,5575404,,
221,,16,1505236,,
222,,16,1631600,,
223,androidx.appcompat.widget.AppCompatRadioButton.<init>,8,5710388,,
224,android.widget.RadioButton.<init>,8,5666260,,
225,android.widget.RadioButton.<init>,8,5666596,,
226,android.widget.CompoundButton.<init>,8,5623068,,
227,android.content.res.TypedArray.getDrawable,8,2107116,,
228,android.content.res.TypedArray.getDrawableForDensity,8,2107664,,
229,android.content.res.Resources.loadDrawable,8,1695816,,
230,android.content.res.ResourcesImpl.loadDrawable,8,1697252,,
231,android.graphics.drawable.AnimatedStateListDrawable.applyTheme,8,5677688,,
232,android.graphics.drawable.StateListDrawable.applyTheme,8,5678228,,
233,android.graphics.drawable.DrawableContainer.applyTheme,8,5678592,,
234,android.graphics.drawable.DrawableContainer$DrawableContainerState.applyTheme,8,5679012,,
235,android.graphics.drawable.AnimatedVectorDrawable.applyTheme,8,5686332,,
236,android.graphics.drawable.AnimatedVectorDrawable$AnimatedVectorDrawableState.inflatePendingAnimators,8,5686816,,
237,android.graphics.drawable.AnimatedVectorDrawable$AnimatedVectorDrawableState$PendingAnimator.newInstance,8,5687284,,
238,android.animation.AnimatorInflater.loadAnimator,8,2375700,,
239,android.animation.AnimatorInflater.createAnimatorFromXml,8,2297168,,
240,android.animation.AnimatorInflater.createAnimatorFromXml,8,2298460,,
241,android.animation.AnimatorInflater.createAnimatorFromXml,8,2297956,,
242,android.content.res.XmlBlock$Parser.getName,8,1716144,,
243,android.content.res.StringBlock.getSequence,8,1100412,,
244,art_jni_trampoline,8,5174700,,
245,_ZN7androidL43android_content_StringBlock_nativeGetStringEP7_JNIEnvP8_jobjectli,2,891260,,
246,_ZN3art12_GLOBAL__N_18CheckJNI12NewStringUTFEP7_JNIEnvPKc.__uniq.99033978352804627313491551960229047428.llvm.10145813973330161544,3,7402512,,
247,_ZN3art3JNIILb1EE12NewStringUTFEP7_JNIEnvPKc,3,5283024,,
248,_ZN3art2gc4Heap24AllocObjectWithAllocatorILb1ELb1ENS_12_GLOBAL__N_119NewStringUTFVisitorEEEPNS_6mirror6ObjectEPNS_6ThreadENS_6ObjPtrINS5_5ClassEEEmNS0_13AllocatorTypeERKT1_.__uniq.267287648927189358846131613051554877057,3,5034912,,
249,android.view.ViewRootImpl.performTraversals,8,3744476,,
250,android.view.ViewRootImpl.dispatchApplyInsets,8,3898212,,
251,android.view.ViewGroup.dispatchApplyWindowInsets,8,3919796,,
252,android.view.View.dispatchApplyWindowInsets,8,3920640,,
253,com.android.internal.policy.DecorView.onApplyWindowInsets,8,3921524,,
254,com.android.internal.policy.DecorView.updateColorViews,8,2512136,,
255,android.graphics.Insets.min,8,3924108,,
256,art_quick_to_interpreter_bridge,3,3641408,,
257,android.view.ViewRootImpl.performTraversals,8,3745364,,
258,android.view.ViewRootImpl.measureHierarchy,8,3975144,,
259,android.view.ViewRootImpl.performMeasure,8,3976552,,
260,android.view.View.measure,8,3978036,,
261,com.android.internal.policy.DecorView.onMeasure,8,3982996,,
262,android.widget.FrameLayout.onMeasure,8,3984148,,
263,android.view.ViewGroup.measureChildWithMargins,8,3986424,,
264,android.widget.LinearLayout.onMeasure,8,3987532,,
265,android.widget.LinearLayout.measureVertical,8,3988824,,
266,android.widget.LinearLayout.measureChildBeforeLayout,8,3994564,,
267,androidx.appcompat.widget.ContentFrameLayout.onMeasure,8,6956364,,
268,androidx.drawerlayout.widget.DrawerLayout.onMeasure,8,7878284,,
269,android.widget.RelativeLayout.onMeasure,8,4078336,,
270,android.widget.RelativeLayout.measureChildHorizontal,8,4095560,,
271,,16,3850936,,
272,androidx.appcompat.widget.Toolbar.onMeasure,8,5989680,,
273,androidx.appcompat.widget.Toolbar.measureChildConstrained,8,7866324,,
274,androidx.appcompat.widget.ActionMenuView.onMeasure,8,8263572,,
275,,16,1672948,,
276,androidx.appcompat.widget.LinearLayoutCompat.measureHorizontal,8,7867256,,
277,artQuickToInterpreterBridge,3,3461236,,
278,android.view.ViewRootImpl.performTraversals,8,3757692,,
279,android.view.ViewTreeObserver.dispatchOnPreDraw,8,4292452,,
280,android.widget.TextView.onPreDraw,8,4295868,,
281,android.widget.TextView.getSelectionEnd,8,4413024,,
282,android.view.Choreographer.doFrame,8,1391668,,
283,,16,1507816,,
284,,16,1509736,,
285,,16,1563992,,
286,androidx.appcompat.view.menu.MenuBuilder.onItemsChanged,8,7855528,,
287,androidx.appcompat.view.menu.MenuBuilder.dispatchPresenterUpdate,8,8258412,,
288,androidx.appcompat.widget.ActionMenuPresenter.updateMenuView,8,8180192,,
289,androidx.appcompat.view.menu.BaseMenuPresenter.updateMenuView,8,8259084,,
290,androidx.appcompat.view.menu.MenuBuilder.flagActionItems,8,7863312,,
291,androidx.appcompat.widget.ActionMenuPresenter.flagActionItems,8,7861680,,
292,androidx.appcompat.view.menu.ActionMenuItemView.onMeasure,8,8261592,,
293,androidx.appcompat.widget.AppCompatTextView.onMeasure,8,6542704,,
294,android.widget.TextView.onMeasure,8,4009664,,
295,android.text.BoringLayout.isBoring,8,4014608,,
296,android.text.TextLine.metrics,8,4030376,,
297,android.text.TextLine.measure,8,4032120,,
298,android.text.TextLine.measureRun,8,4036056,,
299,android.text.TextLine.handleRun,8,4036744,,
300,android.text.TextLine.expandMetricsFromPaint,8,4047660,,
301,android.graphics.Paint.getFontMetricsInt,8,4048016,,
302,art_jni_trampoline,8,5206372,,
303,_ZN7android9PaintGlueL17getFontMetricsIntEP7_JNIEnvP8_jobjectlS4_h.__uniq.295321301672566532533700490907482056561,11,5460924,,
304,_ZN7android9PaintGlueL18getMetricsInternalElP13SkFontMetricsb.__uniq.295321301672566532533700490907482056561,11,2757060,,
305,_ZN7minikin14FontCollection13baseFontFakedENS_9FontStyleE,19,404516,,
306,_ZN20egl_window_surface_t11swapBuffersEv,13,63324,,
307,_ZN7android7Surface16hook_queueBufferEP13ANativeWindowP19ANativeWindowBufferi,20,1117700,,
308,_ZN7android7Surface11queueBufferEP19ANativeWindowBufferi,20,703956,,
309,_ZN7android19BufferQueueProducer11queueBufferEiRKNS_22IGraphicBufferProducer16QueueBufferInputEPNS1_17QueueBufferOutputE,20,797608,,
310,_ZN7android11BufferQueue21ProxyConsumerListener16onFrameAvailableERKNS_10BufferItemE,20,932520,,
311,_ZN7android12ConsumerBase16onFrameAvailableERKNS_10BufferItemE,20,1004692,,
312,_ZN7android16BLASTBufferQueue16onFrameAvailableERKNS_10BufferItemE,20,914384,,
313,_ZN7android16BLASTBufferQueue23acquireNextBufferLockedENSt3__18optionalIPNS_21SurfaceComposerClient11TransactionEEE,20,654000,,
314,_ZN7android21SurfaceComposerClient11Transaction5applyEbb,20,683576,,
315,_ZN7android17BpSurfaceComposer19setTransactionStateERKNS_3gui17FrameTimelineInfoERNS_6VectorINS_13ComposerStateEEERKNS5_INS_12DisplayStateEEEjRKNS_2spINS_7IBinderEEENS_19InputWindowCommandsElbRKNSt3__16vectorINS_14client_cache_tENSJ_9allocatorISL_EEEEbRKNSK_INS_17ListenerCallbacksENSM_ISR_EEEEmRKNSK_ImNSM_ImEEEE,20,861464,,
316,_ZN7android14IPCThreadState8transactEijRKNS_6ParcelEPS1_j,18,503560,,
317,ioctl,0,422864,,
318,__ioctl,0,776616,,
319,_ZN3art6Thread24CreateCallbackWithUffdGcEPv,3,6545732,,
320,_ZN3art6Thread14CreateCallbackEPv,3,6547092,,
321,_ZN3art9ArtMethod14InvokeInstanceILc86ETpTncJEEENS_6detail12ShortyTraitsIXT_EE4TypeEPNS_6ThreadENS_6ObjPtrINS_6mirror6ObjectEEEDpNS3_IXT0_EE4TypeE,3,9711832,,
322,java.lang.Thread.run,21,1145384,,
323,java.lang.Daemons$Daemon.run,22,176916,,
324,java.lang.Daemons$HeapTaskDaemon.runInternal,22,180340,,
325,_ZN3art2gc13TaskProcessor11RunAllTasksEPNS_6ThreadE,3,3174012,,
326,_ZN3art2gc4Heap16ConcurrentGCTask3RunEPNS_6ThreadE,3,3915572,,
327,_ZN3art2gc4Heap12ConcurrentGCEPNS_6ThreadENS0_7GcCauseEbj,3,3908880,,
328,_ZN3art2gc4Heap22CollectGarbageInternalENS0_9collector6GcTypeENS0_7GcCauseEbj,3,3909680,,
329,_ZN3art2gc9collector16GarbageCollector3RunENS0_7GcCauseEb,3,5847444,,
330,_ZN3art2gc9collector11MarkCompact9RunPhasesEv,3,6661896,,
331,_ZN3art2gc9collector11MarkCompact12MarkingPhaseEv,3,5593916,,
332,android.view.ViewRootImpl.performTraversals,8,3755204,,
333,android.view.ViewRootImpl.performLayout,8,4175932,,
334,android.view.ViewGroup.layout,8,4177352,,
335,android.view.View.layout,8,4178144,,
336,com.android.internal.policy.DecorView.onLayout,8,4184832,,
337,android.widget.FrameLayout.onLayout,8,4185396,,
338,android.widget.FrameLayout.layoutChildren,8,4186560,,
339,android.widget.LinearLayout.onLayout,8,4189644,,
340,android.widget.LinearLayout.layoutVertical,8,4190808,,
341,android.widget.LinearLayout.setChildFrame,8,4191648,,
342,androidx.drawerlayout.widget.DrawerLayout.onLayout,8,8265880,,
343,android.widget.RelativeLayout.onLayout,8,4204480,,
344,android.widget.ScrollView.onLayout,8,6681040,,
345,androidx.constraintlayout.widget.ConstraintLayout.onLayout,8,6734824,,
346,android.widget.Spinner.onLayout,8,6724144,,
347,android.widget.Spinner.layout,8,6725140,,
348,android.widget.Spinner.makeView,8,6490656,,
349,android.widget.Spinner.setUpChild,8,6492036,,
350,android.widget.TextView.onMeasure,8,4011924,,
351,android.widget.TextView.makeNewLayout,8,4061692,,
352,android.widget.TextView.makeSingleLayout,8,4066252,,
353,android.text.BoringLayout.<init>,8,4068920,,
354,android.text.BoringLayout.<init>,8,4069436,,
355,android.text.Layout.<init>,8,4070224,,
356,android.text.TextPaint.<init>,8,1129552,,
357,android.graphics.Paint.<init>,8,1129856,,
358,android.graphics.Paint.<init>,8,1130344,,
359,android.graphics.Paint.resetElegantTextHeight,8,1134296,,
360,android.app.compat.CompatChanges.isChangeEnabled,8,564972,,
361,android.compat.Compatibility.isChangeEnabled,8,546432,,
362,android.app.AppCompatCallbacks.isChangeEnabled,8,546956,,
363,android.app.AppCompatCallbacks.reportChange,8,548548,,
364,android.os.Process.myUid,8,63192,,
365,android.system.Os.getuid,8,63508,,
366,art_quick_imt_conflict_trampoline,3,3640464,,
367,com.android.calendar.AsyncQueryService.handleMessage,8,8752004,,
368,com.android.calendar.EventInfoFragment$QueryHandler.onQueryComplete,8,8728840,,
369,android.animation.ObjectAnimator.start,8,3823564,,
370,android.animation.ValueAnimator.start,8,3824448,,
371,android.animation.ValueAnimator.start,8,3825072,,
372,android.animation.ValueAnimator.startAnimation,8,3828404,,
373,android.animation.ObjectAnimator.initAnimation,8,3828860,,
374,android.animation.PropertyValuesHolder.setupSetterAndGetter,8,3830064,,
375,android.animation.PropertyValuesHolder$FloatPropertyValuesHolder.setupSetter,8,3831692,,
376,android.animation.PropertyValuesHolder.-$$Nest$smnGetFloatMethod,8,3833092,,
377,art_jni_trampoline,8,5205008,,
378,_ZN7androidL53android_animation_PropertyValuesHolder_getFloatMethodEP7_JNIEnvP7_jclassS3_P8_jstring,2,865112,,
379,_ZN3art12_GLOBAL__N_18CheckJNI19GetMethodIDInternalEPKcP7_JNIEnvP7_jclassS3_S3_b.__uniq.99033978352804627313491551960229047428,3,5876908,,
380,_ZN3art12_GLOBAL__N_111ScopedCheck5CheckERNS_18ScopedObjectAccessEbPKcPNS0_12JniValueTypeE.__uniq.99033978352804627313491551960229047428,3,5897136,,
381,_ZN7android10uirenderer12renderthread13CanvasContext4drawEb,11,3586748,,
382,_ZN7android10uirenderer12skiapipeline18SkiaOpenGLPipeline4drawERKNS0_12renderthread5FrameERK6SkRectS9_RKNS0_13LightGeometryEPNS0_16LayerUpdateQueueERKNS0_4RectEbRKNS0_9LightInfoERKNSt3__16vectorINS_2spINS0_10RenderNodeEEENSL_9allocatorISP_EEEEPNS0_19FrameInfoVisualizerERKNS3_26HardwareBufferRenderParamsERNSL_5mutexE,11,6064372,,
383,_ZN15GrDirectContext14flushAndSubmitEP9SkSurface9GrSyncCpu,11,3574940,,
384,_ZN19GrDirectContextPriv13flushSurfacesE6SkSpanIP14GrSurfaceProxyEN10SkSurfaces20BackendSurfaceAccessERK11GrFlushInfoPKN5skgpu19MutableTextureStateE,11,3575336,,
385,_ZN16GrDrawingManager13flushSurfacesE6SkSpanIP14GrSurfaceProxyEN10SkSurfaces20BackendSurfaceAccessERK11GrFlushInfoPKN5skgpu19MutableTextureStateE,11,3576424,,
386,_ZN16GrDrawingManager5flushE6SkSpanIP14GrSurfaceProxyEN10SkSurfaces20BackendSurfaceAccessERK11GrFlushInfoPKN5skgpu19MutableTextureStateE,11,2179904,,
387,_ZN5skgpu6ganesh7OpsTask9onExecuteEP14GrOpFlushState,11,3391484,,
388,_ZN12_GLOBAL__N_113TextureOpImpl9onExecuteEP14GrOpFlushStateRK6SkRect.__uniq.170285229738785928445666313265313550490.7d709984e21c835f439cdfabef52cac2,11,2725628,,
389,_ZN7GrGLGpu12flushGLStateEP14GrRenderTargetbRK13GrProgramInfo,11,7460264,,
390,_ZN7GrGLGpu12ProgramCache19findOrCreateProgramEP15GrDirectContextRK13GrProgramInfo,11,7489824,,
391,_ZN7GrGLGpu12ProgramCache23findOrCreateProgramImplEP15GrDirectContextRK13GrProgramDescRK13GrProgramInfoPN27GrThreadSafePipelineBuilder5Stats18ProgramCacheResultE,11,7490148,,
392,_ZN18GrGLProgramBuilder13CreateProgramEP15GrDirectContextRK13GrProgramDescRK13GrProgramInfoPK22GrGLPrecompiledProgram,11,7534012,,
393,_ZN18GrGLProgramBuilder8finalizeEPK22GrGLPrecompiledProgram,11,7535728,,
394,_ZN5skgpu13SkSLToBackendEPKN4SkSL10ShaderCapsEPFbRNS0_7ProgramES3_PNSt3__112basic_stringIcNS6_11char_traitsIcEENS6_9allocatorIcEEEEEPKcRKSC_NS0_11ProgramKindERKNS0_15ProgramSettingsESD_PNS0_16ProgramInterfaceEPNS_18ShaderErrorHandlerE,11,3347288,,
395,_ZN4SkSL8Compiler14convertProgramENS_11ProgramKindENSt3__112basic_stringIcNS2_11char_traitsIcEENS2_9allocatorIcEEEERKNS_15ProgramSettingsE,11,3349668,,
396,_ZN4SkSL6Parser21programInheritingFromEPKNS_6ModuleE,11,3350600,,
397,_ZN4SkSL6Parser12declarationsEv,11,2874808,,
398,_ZN4SkSL6Parser5blockEbPNSt3__110unique_ptrINS_11SymbolTableENS1_14default_deleteIS3_EEEE,11,2883564,,
399,_ZN4SkSL6Parser9statementEb,11,2882388,,
400,_ZN4SkSL6Parser15varDeclarationsEv,11,2825320,,
401,_ZN4SkSL6Parser22localVarDeclarationEndENS_8PositionERKNS_9ModifiersEPKNS_4TypeENS_5TokenE,11,2867716,,
402,_ZN4SkSL14VarDeclaration7ConvertERKNS_7ContextENS_8PositionERKNS_9ModifiersERKNS_4TypeES4_NSt3__117basic_string_viewIcNSB_11char_traitsIcEEEENS_15VariableStorageENSB_10unique_ptrINS_10ExpressionENSB_14default_deleteISI_EEEE,11,2908744,,
403,_ZN4SkSL15TProgramVisitorINS_19ProgramVisitorTypesEE15visitExpressionERKNS_10ExpressionE,11,3196084,,
404,_ZNK4SkSL25SingleArgumentConstructor12argumentSpanEv,11,7050972,,
405,android.view.Choreographer$CallbackRecord.run,8,1400888,,
406,android.animation.AnimationHandler$1.doFrame,8,4501528,,
407,android.animation.AnimationHandler.-$$Nest$mdoAnimationFrame,8,4502904,,
408,android.animation.AnimationHandler.doAnimationFrame,8,4503408,,
409,android.animation.ValueAnimator.doAnimationFrame,8,3880928,,
410,android.animation.ValueAnimator.animateBasedOnTime,8,3882400,,
411,android.animation.ValueAnimator.animateValue,8,3848224,,
412,android.animation.Animator.callOnList,8,3840452,,
413,android.animation.Animator$AnimatorCaller$$ExternalSyntheticLambda6.call,8,4444056,,
414,android.animation.Animator$AnimatorCaller.lambda$static$4,8,4444420,,
415,android.graphics.drawable.RippleDrawable$$ExternalSyntheticLambda0.onAnimationUpdate,8,4444732,,
416,android.graphics.drawable.RippleDrawable.$r8$lambda$dGxsGxuXDFTTUA4eK5H15etGTHo,8,4445032,,
417,android.graphics.drawable.RippleDrawable.lambda$startBackgroundAnimation$0,8,4445412,,
418,android.graphics.drawable.RippleDrawable.invalidateSelf,8,2412612,,
419,android.graphics.drawable.Drawable.invalidateSelf,8,2109596,,
420,android.graphics.drawable.LayerDrawable.invalidateDrawable,8,3885224,,
421,android.graphics.drawable.LayerDrawable$LayerState.invalidateCache,8,2411808,,
422,_ZN16GrDrawingManager5flushE6SkSpanIP14GrSurfaceProxyEN10SkSurfaces20BackendSurfaceAccessERK11GrFlushInfoPKN5skgpu19MutableTextureStateE,11,2179240,,
423,_ZNK5skgpu6ganesh7OpsTask20gatherProxyIntervalsEP19GrResourceAllocator,11,3727916,,
424,_ZNK12_GLOBAL__N_114FillRectOpImpl12visitProxiesERKNSt3__18functionIFvP14GrSurfaceProxyN5skgpu9MipmappedEEEE.__uniq.296536696735338101786510625415314891244.82f04894e2d02c5f3d5f5eaed87a27c2,11,7604304,,
425,_ZNK19GrFragmentProcessor19visitTextureEffectsERKNSt3__18functionIFvRK15GrTextureEffectEEE,11,2203776,,
426,_ZNK19GrFragmentProcessor19visitTextureEffectsERKNSt3__18functionIFvRK15GrTextureEffectEEE,11,2203828,,
427,_ZZNK19GrFragmentProcessor12visitProxiesERKNSt3__18functionIFvP14GrSurfaceProxyN5skgpu9MipmappedEEEEENK3$_0clERK15GrTextureEffect.__uniq.220292460788809652500701210210165095204,11,3729784,,
428,_ZN8CircleOp9onExecuteEP14GrOpFlushStateRK6SkRect,11,7618448,,
429,_ZN18GrGLProgramBuilder8finalizeEPK22GrGLPrecompiledProgram,11,7536120,,
430,_ZN4SkSL6Parser9statementEb,11,2881664,,
431,_ZN4SkSL6Parser9statementEb,11,2881560,,
432,_ZN4SkSL6Parser36varDeclarationsOrExpressionStatementEv,11,2870652,,
433,_ZN4SkSL6Parser19expressionStatementEv,11,2884800,,
434,_ZN4SkSL6Parser10expressionEv,11,2866344,,
435,_ZN4SkSL6Parser20assignmentExpressionEv,11,2857720,,
436,_ZN4SkSL6Parser13operatorRightERNS0_9AutoDepthENS_12OperatorKindEMS0_FNSt3__110unique_ptrINS_10ExpressionENS4_14default_deleteIS6_EEEEvERS9_,11,2861280,,
437,_ZN4SkSL6Parser20assignmentExpressionEv,11,2857548,,
438,_ZN4SkSL6Parser20logicalXorExpressionEv,11,2865020,,
439,_ZN4SkSL6Parser20logicalAndExpressionEv,11,2865332,,
440,_ZN4SkSL6Parser18equalityExpressionEv,11,2864004,,
441,_ZN4SkSL6Parser15unaryExpressionEv,11,2850272,,
442,com.android.calendar.DeleteEventHelper$5.onQueryComplete,17,146260,,
443,com.android.calendar.DeleteEventHelper.delete,17,146876,,
444,android.app.Dialog.show,6,2133320,,
445,android.app.Dialog.dispatchOnCreate,6,2131524,,
446,android.app.AlertDialog.onCreate,6,1974468,,
447,com.android.internal.app.AlertController.installContent,23,3851360,,
448,com.android.internal.policy.PhoneWindow.setContentView,5,2094044,,
449,android.view.LayoutInflater.rInflate,8,2111724,,
450,android.view.LayoutInflater.parseInclude,8,2122936,,
451,androidx.appcompat.app.AppCompatViewInflater.createView,8,5575724,,
452,,16,1505040,,
453,,16,1613288,,
454,androidx.appcompat.widget.AppCompatButton.<init>,8,5654820,,
455,android.widget.Button.<init>,8,5646180,,
456,android.widget.Button.<init>,8,5623764,,
457,android.widget.TextView.<init>,8,2143172,,
458,android.view.View.<init>,8,2056624,,
459,android.view.View.setBackground,8,2167944,,
460,,16,1613908,,
461,android.view.View.setBackgroundDrawable,8,2168696,,
462,android.graphics.drawable.LayerDrawable.getPadding,8,3042312,,
463,android.graphics.drawable.LayerDrawable.computeStackedPadding,8,3043280,,
464,java.lang.Math.max,21,1072008,,
465,_ZN3art11interpreter20ExecuteSwitchImplCppILb0EEEvPNS0_17SwitchImplContextE,3,7777128,,
466,_ZN16GrDrawingManager5flushE6SkSpanIP14GrSurfaceProxyEN10SkSurfaces20BackendSurfaceAccessERK11GrFlushInfoPKN5skgpu19MutableTextureStateE,11,2186000,,
467,_ZN17GrBufferAllocPool12flushCpuDataERKNS_11BufferBlockEm,11,5348472,,
468,_ZN7android24NativeInputEventReceiver13consumeEventsEP7_JNIEnvblPb,2,1405536,,
469,_ZN7_JNIEnv14CallVoidMethodEP8_jobjectP10_jmethodIDz,2,866284,,
470,_ZN3art12_GLOBAL__N_18CheckJNI15CallVoidMethodVEP7_JNIEnvP8_jobjectP10_jmethodIDSt9__va_list.__uniq.99033978352804627313491551960229047428.llvm.10145813973330161544,3,5928036,,
471,_ZN3art12_GLOBAL__N_18CheckJNI11CallMethodVEPKcP7_JNIEnvP8_jobjectP7_jclassP10_jmethodIDSt9__va_listNS_9Primitive4TypeENS_10InvokeTypeE.__uniq.99033978352804627313491551960229047428,3,5916828,,
472,_ZN3art3JNIILb1EE15CallVoidMethodVEP7_JNIEnvP8_jobjectP10_jmethodIDSt9__va_list,3,7675368,,
473,_ZN3art35InvokeVirtualOrInterfaceWithVarArgsIPNS_9ArtMethodEEENS_6JValueERKNS_33ScopedObjectAccessAlreadyRunnableEP8_jobjectT_St9__va_list,3,3543200,,
474,android.view.InputEventReceiver.dispatchInputEvent,8,5248772,,
475,android.view.ViewRootImpl$WindowInputEventReceiver.onInputEvent,8,5254804,,
476,android.view.ViewRootImpl.enqueueInputEvent,8,5256684,,
477,android.view.ViewRootImpl.doProcessInputEvents,8,5258664,,
478,android.view.ViewRootImpl.deliverInputEvent,8,5261828,,
479,android.view.ViewRootImpl$InputStage.deliver,8,5263708,,
480,android.view.ViewRootImpl$EarlyPostImeInputStage.onProcess,8,5266824,,
481,android.view.ViewRootImpl$EarlyPostImeInputStage.processMotionEvent,8,5267592,,
482,android.view.ViewRootImpl$EarlyPostImeInputStage.processPointerEvent,8,5268260,,
483,android.view.MotionEvent.isTouchEvent,8,5272696,,
484,artQuickGenericJniTrampoline,3,2661100,,
485,_ZN3art27BuildGenericJniFrameVisitor5VisitEv,3,10037492,,
486,_ZN3art18OptimizingCompiler10JitCompileEPNS_6ThreadEPNS_3jit12JitCodeCacheEPNS3_15JitMemoryRegionEPNS_9ArtMethodENS_15CompilationKindEPNS3_9JitLoggerE,3,4762508,,
487,_ZN3art3jit12JitCodeCache6CommitEPNS_6ThreadEPNS0_15JitMemoryRegionEPNS_9ArtMethodENS_8ArrayRefIKhEESA_SA_RKNSt3__16vectorINS_6HandleINS_6mirror6ObjectEEENSB_9allocatorISG_EEEESA_RKNSC_IhNSH_IhEEEEbNS_15CompilationKindERKNSB_3setIS7_NSB_4lessIS7_EENS_21ArenaAllocatorAdapterIS7_EEEE,3,3179000,,
488,_ZNSt3__16__treeINS_12__value_typeIPKvPN3art9ArtMethodEEENS_19__map_value_compareIS3_S7_NS_4lessIS3_EELb1EEENS_9allocatorIS7_EEE16__insert_node_atEPNS_15__tree_end_nodeIPNS_16__tree_node_baseIPvEEEERSJ_SJ_,3,3176972,,
489,_ZN7android14AndroidRuntime15javaThreadShellEPv,2,961288,,
490,_ZN7android10PoolThread10threadLoopEv,18,449276,,
491,_ZN7android14IPCThreadState14joinThreadPoolEb,18,355912,,
492,_ZN7android14IPCThreadState14executeCommandEi,18,360152,,
493,_ZN11JavaBBinder10onTransactEjRKN7android6ParcelEPS1_j,2,1662324,,
494,_ZN7_JNIEnv17CallBooleanMethodEP8_jobjectP10_jmethodIDz,2,887704,,
495,_ZN3art12_GLOBAL__N_18CheckJNI18CallBooleanMethodVEP7_JNIEnvP8_jobjectP10_jmethodIDSt9__va_list.__uniq.99033978352804627313491551960229047428.llvm.10145813973330161544,3,5927700,,
496,_ZN3art12_GLOBAL__N_18CheckJNI11CallMethodVEPKcP7_JNIEnvP8_jobjectP7_jclassP10_jmethodIDSt9__va_listNS_9Primitive4TypeENS_10InvokeTypeE.__uniq.99033978352804627313491551960229047428,3,5916740,,
497,_ZN3art3JNIILb1EE18CallBooleanMethodVEP7_JNIEnvP8_jobjectP10_jmethodIDSt9__va_list,3,7657540,,
498,android.os.Binder.execTransact,8,281900,,
499,android.os.Parcel.obtain,8,282772,,
500,android.os.Parcel.init,8,265808,,
501,android.view.ViewRootImpl$InputStage.deliver,8,5263796,,
502,android.view.ViewRootImpl$InputStage.apply,8,5274024,,
503,android.view.ViewRootImpl$InputStage.forward,8,5274632,,
504,android.view.ViewRootImpl$InputStage.onDeliverToNext,8,5274932,,
505,android.view.ViewRootImpl$AsyncInputStage.apply,8,5275788,,
506,android.view.ViewRootImpl$AsyncInputStage.forward,8,5276128,,
507,android.view.ViewRootImpl$ViewPostImeInputStage.onProcess,8,5277108,,
508,android.view.ViewRootImpl$ViewPostImeInputStage.processPointerEvent,8,5278172,,
509,android.view.View.dispatchPointerEvent,8,5284212,,
510,com.android.internal.policy.DecorView.dispatchTouchEvent,8,5284624,,
511,,16,1543784,,
512,android.app.Activity.dispatchTouchEvent,8,5285072,,
513,com.android.internal.policy.PhoneWindow.superDispatchTouchEvent,8,5285536,,
514,com.android.internal.policy.DecorView.superDispatchTouchEvent,8,5285844,,
515,android.view.ViewGroup.dispatchTouchEvent,8,5287564,,
516,android.view.ViewGroup.dispatchTransformedTouchEvent,8,5302804,,
517,android.view.View.dispatchTouchEvent,8,5311516,,
518,android.view.View.performOnTouchCallback,8,5312760,,
519,com.android.calendar.DayView.onTouchEvent,8,8538960,,
520,android.view.GestureDetector.onTouchEvent,8,8530256,,
521,com.android.calendar.DayView$CalendarGestureListener.onDown,17,110972,,
522,com.android.calendar.DayView.-$$Nest$mdoDown,17,122244,,
523,com.android.calendar.DayView.doDown,17,128616,,
524,com.android.calendar.DayView.setSelectionFromPosition,17,119188,,
525,_ZN3art11interpreter6DoCallILb0EEEbPNS_9ArtMethodEPNS_6ThreadERNS_11ShadowFrameEPKNS_11InstructionEtbPNS_6JValueE,3,3523928,,
526,_ZN3art3jit13JitThreadPool7AddTaskEPNS_6ThreadEPNS_9ArtMethodENS_15CompilationKindE,3,3197636,,
527,_ZN3art5Mutex15ExclusiveUnlockEPNS_6ThreadE,3,3200840,,
528,syscall,0,529584,,
529,android.view.InputEventReceiver.dispatchInputEvent,8,5248592,,
530,java.lang.StringBuilder.append,21,1108792,,
531,java.lang.AbstractStringBuilder.append,8,50532,,
532,java.lang.AbstractStringBuilder.ensureCapacityInternal,8,50996,,
533,java.util.Arrays.copyOf,8,145868,,
534,java.lang.Math.min,21,1072036,,
535,_ZN3art11interpreter20ExecuteSwitchImplCppILb0EEEvPNS0_17SwitchImplContextE,3,7779920,,
536,_ZN7android10uirenderer12renderthread13CanvasContext4drawEb,11,3587696,,
537,_ZN7android10uirenderer20FrameMetricsReporter18reportFrameMetricsEPKlbmi,11,3592972,,
538,_ZN7android24HardwareRendererObserver6notifyEPKl,11,5655420,,
539,_ZN7_JNIEnv23CallStaticBooleanMethodEP7_jclassP10_jmethodIDz,11,5655640,,
540,_ZN3art12_GLOBAL__N_18CheckJNI24CallStaticBooleanMethodVEP7_JNIEnvP7_jclassP10_jmethodIDSt9__va_list.__uniq.99033978352804627313491551960229047428.llvm.10145813973330161544,3,5928268,,
541,_ZN3art3JNIILb1EE24CallStaticBooleanMethodVEP7_JNIEnvP7_jclassP10_jmethodIDSt9__va_list,3,7628012,,
542,android.graphics.HardwareRendererObserver.invokeDataAvailable,8,5135700,,
543,android.graphics.HardwareRendererObserver.notifyDataAvailable,8,5136184,,
544,android.os.Handler.post,8,1823208,,
545,android.os.Handler.sendMessageDelayed,8,305228,,
546,android.view.ViewRootImpl$ViewRootHandler.sendMessageAtTime,8,3521664,,
547,android.os.Handler.sendMessageAtTime,8,305912,,
548,android.os.Handler.enqueueMessage,8,306320,,
549,android.os.ThreadLocalWorkSource.getUid,8,306728,,
550,java.lang.ThreadLocal.get,8,201672,,
551,java.lang.ThreadLocal$ThreadLocalMap.-$$Nest$mgetEntry,8,202440,,
552,java.lang.ThreadLocal$ThreadLocalMap.getEntry,8,202824,,
553,artQuickToInterpreterBridge,3,3461072,,
554,__memset_aarch64,0,351188,,
555,_ZN10GrGLBuffer12onUpdateDataEPKvmmb,11,7395540,,
556,_ZL17invalidate_bufferP7GrGLGpujjjm.__uniq.147469646724423224731015792193028044282,11,7394964,,
557,_ZZL17invalidate_bufferP7GrGLGpujjjmENKUlvE_clEv.__uniq.147469646724423224731015792193028044282,11,7396756,,
558,_ZN12_GLOBAL__N_124glBufferDataSyncAEMU_encEPvjlPKvj,24,527912,,
559,_ZNK3art18OptimizingCompiler10TryCompileEPNS_14ArenaAllocatorEPNS_10ArenaStackERKNS_18DexCompilationUnitEPNS_9ArtMethodENS_15CompilationKindEPNS_24VariableSizedHandleScopeE,3,3774620,,
560,_ZN3art13CodeGenerator7CompileEv,3,3795568,,
561,_ZN3art5arm6429InstructionCodeGeneratorARM6425VisitInvokeStaticOrDirectEPNS_21HInvokeStaticOrDirectE,3,7249120,,
562,_ZN3art5arm6418CodeGeneratorARM6426GenerateStaticOrDirectCallEPNS_21HInvokeStaticOrDirectENS_8LocationEPNS_12SlowPathCodeE,3,7006428,,
563,_ZN3art13CodeGenerator12RecordPcInfoEPNS_12HInstructionEjPNS_12SlowPathCodeEb,3,3032864,,
564,androidx.fragment.app.Fragment.performCreateView,8,8588624,,
565,com.android.calendar.EventInfoFragment.onCreateView,8,8660344,,
566,android.animation.AnimatorInflater.loadAnimator,8,2375420,,
567,android.content.res.ConfigurationBoundResourceCache.getInstance,8,2190936,,
568,android.content.res.ConstantState.newInstance,8,2320652,,
569,android.content.res.ConstantState.newInstance,8,2320968,,
570,android.animation.Animator$AnimatorConstantState.newInstance,8,2393504,,
571,android.animation.Animator$AnimatorConstantState.newInstance,8,2393804,,
572,android.animation.AnimatorSet.clone,8,2394128,,
573,android.animation.AnimatorSet.clone,8,2395016,,
574,android.animation.AnimatorSet$Node.clone,8,2397032,,
575,android.animation.AnimatorSet.clone,8,2395080,,
576,java.util.HashMap.put,8,149340,,
577,java.util.HashMap.putVal,8,150560,,
578,android.view.ViewRootImpl.performTraversals,8,3754224,,
579,android.widget.RelativeLayout.onMeasure,8,4078892,,
580,android.widget.RelativeLayout.measureChild,8,4106652,,
581,android.widget.ScrollView.onMeasure,8,6457608,,
582,android.widget.ScrollView.measureChildWithMargins,8,6458900,,
583,android.widget.LinearLayout.measureVertical,8,3991664,,
584,android.widget.LinearLayout.onMeasure,8,3987576,,
585,android.widget.LinearLayout.measureHorizontal,8,5980728,,
586,android.widget.TextView.makeSingleLayout,8,4067360,,
587,android.text.DynamicLayout$Builder.build,8,6008432,,
588,android.text.DynamicLayout.<init>,8,6008776,,
589,android.text.DynamicLayout.<init>,8,6009888,,
590,android.text.DynamicLayout.generate,8,6016984,,
591,android.text.DynamicLayout.reflow,8,6028304,,
592,android.text.StaticLayout$Builder.buildPartialStaticLayoutForDynamicLayout,8,6043976,,
593,android.text.StaticLayout.generate,8,6053780,,
594,android.text.MeasuredParagraph.buildForBidi,8,6067084,,
595,android.text.MeasuredParagraph.obtain,8,6067580,,
596,android.text.MeasuredParagraph.<init>,8,6067940,,
597,android.text.AutoGrowArray$ByteArray.<init>,8,6068592,,
598,android.text.AutoGrowArray$ByteArray.<init>,8,6068936,,
599,com.android.internal.util.ArrayUtils.newUnpaddedByteArray,8,6069304,,
600,art_jni_trampoline,8,5162896,,
601,_ZN3art24JniDecodeReferenceResultEP8_jobjectPNS_6ThreadE,3,3890644,,
602,__strcmp_aarch64,0,352784,,
603,android.os.HandlerThread.run,8,1345096,,
604,android.os.Looper.prepare,8,1346540,,
605,android.os.Looper.prepare,8,213176,,
606,java.lang.ThreadLocal.set,8,219188,,
607,java.lang.ThreadLocal$ThreadLocalMap.-$$Nest$mset,8,214972,,
608,java.lang.ThreadLocal$ThreadLocalMap.set,8,215168,,
609,androidx.drawerlayout.widget.DrawerLayout.drawChild,8,8556184,,
610,android.view.View.updateDisplayListIfDirty,8,4341268,,
611,android.view.ViewGroup.dispatchGetDisplayList,8,4455384,,
612,android.view.ViewGroup.recreateChildDisplayList,8,4456216,,
613,android.widget.TextView.onDraw,8,4404868,,
614,android.text.Layout.draw,8,4414508,,
615,android.text.Layout.drawText,8,4426980,,
616,android.graphics.BaseRecordingCanvas.drawText,8,4431684,,
617,art_jni_trampoline,8,5213824,,
618,_ZN7android9CanvasJNIL14drawTextStringEP7_JNIEnvP8_jobjectlP8_jstringiiffil.__uniq.217368827436880524487899401922132398377,11,5042068,,
619,_ZN7android6Canvas8drawTextEPKtiiiiiffN7minikin4BidiERKNS_5PaintEPKNS_8TypefaceEPNS3_12MeasuredTextE,11,2772388,,
620,_ZN7minikin6Layout8doLayoutERKNS_14U16StringPieceERKNS_5RangeENS_4BidiERKNS_12MinikinPaintENS_15StartHyphenEditENS_13EndHyphenEditENS_7RunFlagE,19,446312,,
621,_ZN7minikin28adjustGlyphLetterSpacingEdgeERKNS_14U16StringPieceERKNS_12MinikinPaintENS_7RunFlagEPNSt3__16vectorINS_11LayoutGlyphENS7_9allocatorIS9_EEEE.cfi,19,442932,,
622,_ZL13hb_ucd_scriptP18hb_unicode_funcs_tjPv.__uniq.59232151634540459760808551162038034331,25,963744,,
623,android.widget.ScrollView.draw,8,6790496,,
624,androidx.constraintlayout.widget.ConstraintLayout.dispatchDraw,8,8196932,,
625,android.widget.CompoundButton.onDraw,8,6807504,,
626,android.graphics.drawable.DrawableContainer.draw,8,6808260,,
627,android.graphics.drawable.VectorDrawable.draw,8,4448092,,
628,android.graphics.drawable.Drawable.copyBounds,8,4247908,,
629,android.graphics.Rect.set,8,581904,,
630,android.view.ViewGroup.dispatchTouchEvent,8,5287444,,
631,android.view.ViewGroup.isTransformedTouchPointInView,8,5299636,,
632,android.view.ViewGroup.getTempLocationF,8,5300224,,
633,android.app.AlertDialog$Builder.setIconAttribute,8,8797836,,
634,android.view.ContextThemeWrapper.getTheme,8,1691772,,
635,android.view.ContextThemeWrapper.initializeTheme,8,1606376,,
636,android.view.ContextThemeWrapper.onApplyThemeResource,8,1610288,,
637,android.content.res.Resources$Theme.applyStyle,8,1433376,,
638,android.content.res.ResourcesImpl$ThemeImpl.applyStyle,8,1433788,,
639,android.content.res.Resources$ThemeKey.append,8,1434788,,
640,com.android.internal.util.GrowingArrayUtils.append,8,1436292,,
641,com.android.internal.util.ArrayUtils.newUnpaddedBooleanArray,8,1868112,,
642,_ZN7android10uirenderer12skiapipeline18SkiaOpenGLPipeline4drawERKNS0_12renderthread5FrameERK6SkRectS9_RKNS0_13LightGeometryEPNS0_16LayerUpdateQueueERKNS0_4RectEbRKNS0_9LightInfoERKNSt3__16vectorINS_2spINS0_10RenderNodeEEENSL_9allocatorISP_EEEEPNS0_19FrameInfoVisualizerERKNS3_26HardwareBufferRenderParamsERNSL_5mutexE,11,6064012,,
643,_ZN10SkSurfaces23WrapBackendRenderTargetEP18GrRecordingContextRK21GrBackendRenderTarget15GrSurfaceOrigin11SkColorType5sk_spI12SkColorSpaceEPK14SkSurfacePropsPFvPvESD_,11,7684048,,
644,_ZN15GrProxyProvider23wrapBackendRenderTargetERK21GrBackendRenderTarget5sk_spIN5skgpu16RefCntedCallbackEE,11,7261520,,
645,_ZN5GrGpu23wrapBackendRenderTargetERK21GrBackendRenderTarget,11,7248180,,
646,_ZN7GrGLGpu25onWrapBackendRenderTargetERK21GrBackendRenderTarget,11,7444124,,
647,_ZN16GrGLRenderTarget11MakeWrappedEP7GrGLGpuRK7SkISize10GrGLFormatiRKNS_3IDsEiN5skgpu9ProtectedENSt3__117basic_string_viewIcNSB_11char_traitsIcEEEE,11,7510608,,
648,_ZN16GrGLRenderTargetC1EP7GrGLGpuRK7SkISize10GrGLFormatiRKNS_3IDsE5sk_spI14GrGLAttachmentEN5skgpu9ProtectedENSt3__117basic_string_viewIcNSE_11char_traitsIcEEEE,11,7509628,,
649,_ZN14QemuPipeStream24commitBufferAndReadFullyEmPvm,15,939800,,
650,qemu_pipe_write_fully,15,944672,,
651,qemu_pipe_write,15,945696,,
652,write,0,775880,,
